ID,Initial,Adjusted
Keq_PGI,0.364,0.25839366147825454
Keq_PFK,2000.0,1999.9999999999998
Keq_FBP,41.5,41.49999999999999
Keq_FBA,0.00016,0.00035804267900051644
Keq_TPI,0.10695187,0.20373569515132714
Keq_GAPD,0.452,0.5866311214858256
Keq_PGK,0.00053,0.0005300000000000002
Keq_PGM,5.3,2.178139808552923
Keq_ENO,5.19,5.19
Keq_PYK,21739.1304,21739.130399999984
Keq_PPS,2.41,2.41
Keq_LDH_D,6.7e-05,0.00023955610487422
